Nom;Adresse;Téléphone;Délégation;Latitude;Longitude;Horaires;Google Maps URL;Avis
Parapharmacie Bouzazi Amira;GQ3F+CFW, Jendouba;93 020 130;Jendouba Sud;36.5036424;8.7734537;Lun-Sam 8h-20h, Dim fermé;https://www.google.com/maps/place/?q=place_id:ChIJkZC4M7cT-xIRhC1mKxKSwMI;5,0/5 
Parapharmacie Alaoui;45 Rue Farhat Hached, Jendouba;26 657 792;Jendouba Sud;36.5020734;8.7797666;Lun-Ven 8h-18h, Sam 8h-17h, Dim fermé;https://www.google.com/maps/place/?q=place_id:ChIJXaZmzaAT-xIRbhNXQD4yO4A;
Para Med Medfai Eya;cite aziz a coté du café medfai;52870365;Jendouba Sud;36.5048927;8.7587684;Lun-Sam 9h-21h30, Dim 14h-20h;https://www.google.com/maps/place/?q=place_id:ChIJnxD7ewAT-xIRsVd-QrF0APg;
Parapharmacie Médical Services;Rue Hedi Chaker, Jendouba;54576636;Jendouba Sud;36.4981878;8.7774123;Lun-Sam 8h-21h30;https://www.google.com/maps/place/?q=place_id:ChIJU76JokwT-xIRtqlG1XskhoU;
Pharma Nadiya;18 Rue Imem Ben Arfa, Jendouba 8100;54 867 858;Jendouba Sud;36.5009602;8.7838257;Lun-Sam 8h-21h, Dim fermé;https://www.google.com/maps/place/?q=place_id:ChIJkbkv1FIS-xIRxml-4jZv-Bs;4,8/5 
Para El Balsem;Souk lakrad, Jendouba;51 012 123;Jendouba Sud;36.5029177;8.7807226;Lun-Sam 8h-21h, Dim 8h-13;https://maps.app.goo.gl/4vvcxo8LMGpQsrwr5;
L'olivier Pharma;à côté de Magasin de jouets ElSA & ANNA TOYS;55 554 622;Jendouba Sud;36.4974416; 8.7769027;Lun-Sam 8h-21h, Dim fermé;https://maps.app.goo.gl/68oHLTmxDf1yRpqn9;5,0/5
Parapharmacie BSN PHARMA;cité les jardins,route tuis;21 473 663;Jendouba Sud;36.5061630; 8.7912420;Lun-Sam 8h-21h;https://maps.app.goo.gl/sjXbjeEeKM6PqL5x7;
Vanity Beauty Store;04 Avenue Omar El Khayam, Jendouba 8100;28 972 970;Jendouba Sud;36.5011206;8.7860554;Lun-Dim 8h30-23h;https://www.google.com/maps/place/?q=place_id:ChIJK-2zSgAT-xIRzhLgDdnnTLg;5,0/5 
Parapharmacie Bio Beauté Bousalem;Rue 20 Mars, Bou Salem;21419103;Bou Salem;36.61032;8.9732267;Lun-Dim 8h-19h30 (variable);https://www.google.com/maps/place/?q=place_id:ChIJX6Hgzolp-xIR1aqwhiE1bjA;
Parapharmacie et Cosmétiques Chez Nounou;Rue Taeib M'hiri, Bou Salem 8170;27 336 414;Bou Salem;36.6093685;8.9648407;Lun-Dim 8h-19h;https://www.google.com/maps/place/?q=place_id:ChIJoey-HgBp-xIR_9Q6_wY0gtA;4,0/5 
Parapharmacie Raies;En face de la gare balta bouaouane , à côté du laboratoire d'analyses Amin Bouka;28 315 222;Bou Salem;36.6091365;8.9661493;Lun-Sam 8h-17h, Dim fermé;https://www.google.com/maps/place/?q=place_id:ChIJSVZgFQBp-xIRikEoM5Fv9Is;3,7/5 
Parapharmacie Soin Bébé Bousalem;JX6C+2G2, Bou Salem;+216 93 994 858;Bou Salem;36.6100125;8.9712656;Lun-Sam 8h-17h, Dim fermé;https://www.google.com/maps/place/?q=place_id:ChIJBbTeUwBp-xIR6IxtPMSqdQQ;
Parapharmacie Loujayn;P6, Bou Salem;+216 29 563 590;Bou Salem;36.6104127;8.9739596;Lun-Sam 8h-17h, Dim fermé;https://www.google.com/maps/place/?q=place_id:ChIJPW_NQN5p-xIRogTJBCPiphk;5,0/5 
Parapharmacie Iline;JX59+J93, Bou Salem;Non renseigné;Bou Salem;36.6092676;8.9679638;Lun-Dim 8h-18h;https://www.google.com/maps/place/?q=place_id:ChIJte8bEwBp-xIR0tSR2lo7sL0;5,0/5 
Yassine Parapharmacie;Avenue 14 Janvier, Tabarka 8110;55 532 827;Tabarka;36.9540864;8.7601396;Ouvert 24h/24, 7j/7;https://www.google.com/maps/place/?q=place_id:ChIJG8kce2U1-xIRuDWY_EYWv10;5,0/5 
Parapharmacie Mlaiki Jihen;24 Rue Ali Chaouani, Tabarka;25 601 337;Tabarka;36.9530445;8.7580183;Lun-Sam 8h30-18h30, Dim fermé;https://www.google.com/maps/place/?q=place_id:ChIJVybsSQIz-xIRoJHllMywoAo;5,0/5 
Parapharmacie La Corniche Tabarka;XQ26+VH5, Tabarka;50 311 640;Tabarka;36.9523333;8.7615;Lun-Sam 8h30-18h30, Dim fermé;https://www.google.com/maps/place/?q=place_id:ChIJNW-joKM1-xIRGoRZBB5_3rs;5,0/5 
Parapharmacie Mimosa;Rue Ali Belhouane, Ghardimaou;55 089 051;Ghardimaou;36.4444605;8.4378594;Lun-Dim 8h-20h;https://www.google.com/maps/place/?q=place_id:ChIJSyLpLgD9-hIR_QvS67ZQamM;5,0/5 
Parapharmacie (Avenue Habib Thameur);Avenue Habib Thameur, Ghardimaou;;Ghardimaou;36.4455285;8.4367761;Lun-Ven 8h30-17h, Sam-Dim fermé (variable);https://www.google.com/maps/place/?q=place_id:ChIJrYgI8l79-hIRmeOeqa9LZ3k;
Parapharmacie Houde Selliti;Avenue Hedi Chaker, Ghardimaou 8160;94 071 931;Ghardimaou;36.4454953;8.4367818;Ouvert 24h/24, 7j/7;https://www.google.com/maps/place/?q=place_id:ChIJwc5LlWf9-hIRTWOqU_0bzy4;
Orthozina;Avenue Habib thamer;98 608 951;Ghardimaou;36.4454208;8.4370252;Lun-Sam 8h-18h, Dim fermé;https://www.google.com/maps/place/?q=place_id:ChIJiXuFhP78-hIRSVRolDyJ3Fs;
Parapharmacie Mimosa;Rue Ali Belhouane, Ghardimaou;55 089 051;Ghardimaou;36.4444605;8.4378594;Lun-Dim 8h-20h;https://www.google.com/maps/place/?q=place_id:ChIJSyLpLgD9-hIR_QvS67ZQamM;5,0/5
