Nom;Adresse;Téléphone;Délégation;Type (jour/nuit);Produits vétérinaires;Latitude;Longitude;Catégorie;Horaires;Google Maps URL;Avis
Pharmacie Ayadi Amira;CITE EL MOUROUJ - AVENUE DE L'ENVIRONNEMENT IMADAT TATTAOUER;78 612 636;Jendouba Sud;Jour;;36.4921012;8.786779;Pharmacie;Lun-Ven 8h-19h30 (variable), Sam 13h-19h30, Dim fermé;https://www.google.com/maps/place/?q=place_id:ChIJlfHXMlcS-xIRdQdgMAnL7xM;5,0/5
Pharmacie Bankaji Mohamed Amine;46 Avenue de Tunis;78 602 222;Jendouba Sud;Jour;;36.5034316;8.7849042;Pharmacie;Lun-Ven 8h30-19h30, Sam 8h30-13h, Dim fermé;https://www.google.com/maps/place/?q=place_id:ChIJYTpv8awT-xIR-YDkB8g2oZo;2,8/5
Pharmacie Sami Al-Jerbi;59 Avenue  Hedi Chaker ;78603680;Jendouba Sud;Jour;Oui;36.4989209;8.7780976;Pharmacie;Lun-Sam 8h-19h, Dim 8h-20h;https://www.google.com/maps/place/?q=place_id:ChIJ9QrnVUwS-xIRcX8bOilD3X8;5,0/5
Pharmacie Bouani Bouthaina;Avenue 9 Avril, Jendouba 8100;78 603 675;Jendouba Sud;Jour;Oui;36.494582;8.776097;Pharmacie;Lun-Ven 8h30-19h30, Sam 8h30-13h, Dim fermé;https://www.google.com/maps/place/?q=place_id:ChIJUdKKPmcT-xIRHmzTYKzTV8w;4,8/5
Médica Jendouba;Jendouba (FQXQ+3XP);99 806 522;Jendouba Sud;Jour;Oui;36.497706;8.7899673;Grossiste;Lun-Ven 8h-13h et 15h-18h, Sam 8h-13h, Dim fermé;https://www.google.com/maps/place/?q=place_id:ChIJS5ser1US-xIRkwP7ovDNFdk;4,3/5
Pharmacie  Zorgui Imen ;Rte de tuis;78 614 800;Jendouba Sud;Jour;;36.507812;8.7939383;Pharmacie;Lun-Ven 8h-13h et 15h-18h, Sam 8h-13h;https://maps.app.goo.gl/4hPNh7HKye7eFMm98;5,0/0
Pharmacie médicaments spécifiques CNSS;Ezghadiya, Jendouba;;Jendouba Sud;Jour;;36.5025847;8.779358;Pharmacie;Mar et Ven 10h-12h uniquement;https://www.google.com/maps/place/?q=place_id:ChIJ1wAVDwAT-xIRgxOzOu0dR_A;5,0/5
Pharmacie Ridha Saidi;5Rue de Tunis ;78 602 926;Jendouba Sud;Jour;;;;;;;
Pharmacie Gastli Ghassen;10PLace de la Republique;78 601 079;Jendouba Sud;Jour;;36.5008977;8.7783591;Pharmacie;Lun-Sam 8h-18h, Dim fermé;https://www.google.com/maps/place/?q=place_id:ChIJKbwU2EwS-xIRKkAEiWlXmjM;4,6/5
Pharmacie Bengagi Othman;Avenue Habib Bourguiba;78 605 893;Jendouba Sud;Jour;Oui;36.5034392;8.7877859;Pharmacie;Lun 8h-13h et 16h-20h, Mar-Ven 9h-17h, Sam 9h-13h, Dim fermé;https://www.google.com/maps/place/?q=place_id:ChIJ4Yw_a2kT-xIRJYH5a8fWXJM;5,0/5
Pharmacie  Manai Marwen;39, Av HABIB THAMEUR;78 603 380;Jendouba Sud;Jour;;36.5010467;8.7796908;Pharmacie;Lun -Ven8h-17h,  Sam 8h-13h;https://maps.app.goo.gl/2tqJDiHFDa2ALmfy8;5,0/5
Pharmacie  MONDHER BOUGASSAS;39,Rue Tahar Haddad;78 612 508;Jendouba Sud;Jour;;36.5012359;8.7846667;Pharmacie;Lun-Ven 8h30-13h et 15h-19h30, Sam 8h-13h, Dim fermé;https://www.google.com/maps/place/?q=place_id:ChIJ-2pbzawT-xIR9rjHeAYYtO4;3,8/5
Pharmacie Lahmar Mhamed;Rue Sakiet Sidi Youssef ;78 601 180;Jendouba Sud;Jour;Oui;36.4974943;8.7767069;Pharmacie;Lun-Ven 8h30-19h30, Sam 8h30-13h;https://www.google.com/maps/place/?q=place_id:ChIJS2p4HesT-xIRKafBq1Lv3r0;4,0/5
Pharmacie Selmi Afifa;3, Rue d'Alger;78 603 836;Jendouba Sud;Jour;Oui;36.4984292;8.7745839;Pharmacie;Lun-Ven 8h-19h, Sam 8h-13h;https://maps.app.goo.gl/Po2X1aEqBNxbkRMt9;
Pharmacie de Nuit ;Rue Habib Thameur, Jendouba;24 876 270;Jendouba Sud;Nuit;Oui;36.5010109;8.7796716;Pharmacie de garde;Lun_Dim 19h30-8h30;https://www.google.com/maps/place/?q=place_id:ChIJQwq3N00S-xIRng5YSitOVOw;5,0/5
Pharmacie Drissi;Avenue Habib Bourguiba ;;Jendouba Sud;Jour ;;36.4998393; 8.7810266;Pharmacie ;Lun_Dim 7:30h-23h;https://maps.app.goo.gl/H7rVnc7SyG3yqUit5;5,0/5
Pharmacie  Ghazouani Ihsen;CITE 2 JENDOUBA BULLA REGIA;78 629 377;Jendouba Sud;Jour;;36.556967;8.754119;Pharmacie ;Lun-Ven 8h30-19h30, Sam 8h30-13h;https://www.google.com/maps?q=36.556967,8.754119;
Pharmacie Ghassen Majdi;15 Avenue Habib Bourguiba, Ghardimaou;78 660 110;Ghardimaou;Jour;;36.4474804;8.4389972;Pharmacie;Lun-Ven 8h-13h et 15h-19h, Sam-Dim fermé;https://www.google.com/maps/place/?q=place_id:ChIJZdzulv38-hIRHXmlhs1krm0;3,7/5
Pharmacie Yasmine Ben Abdallah ;1 Rue Moncef Bey, Bou Salem 8071;78 633 900;Bousalem;Jour;;36.6091824;8.9664675;Pharmacie;Lun-Ven 8h30-19h30, Sam 8h30-13h, Dim fermé;https://www.google.com/maps/place/?q=place_id:ChIJXzWw069p-xIR3mPisbVEOgI;5,0/5
 Pharmacie Mohamed Anour Bel hareth ;8, rue Taieb Mhiri, 8170 bousalem ;95 544 350;Bousalem;Jour;Oui;36.6082836;8.9680969;Pharmacie;Lun-Ven 8h30-19h30, Sam 8h30-13h, Dim fermé;https://www.google.com/maps/place/?q=place_id:ChIJ9Qn8KtNp-xIRHGwhHOurWd0;4,1/5
Pharmacie Mechergui Mounir;Avenue de l'Environnement, 8170 bousalem;78 638 247;Bousalem;Jour;;36.6120341;8.9756373;Pharmacie;Lun-Ven 8h-20h, Sam 8h-13h30, Dim fermé;https://www.google.com/maps/place/?q=place_id:ChIJJ3k3Eylo-xIRYZwLNR5LNm4;4,0/5
Pharmacie Slim Bouselmi;Rue des Oranges Cite SNIT, 8126 balta bouaouane;78 635 130;Bousalem;Jour;;36.6144385;8.971435;Pharmacie;Lun-Ven 8h-20h, Sam 8h-14h;https://www.google.com/maps/place/?q=place_id:ChIJodmKXypo-xIRW0T3qsMFaW4;4,2/5
Pharmacie Ben Abdelatif Abdessattar;140, Rue du 20Mars;78 638 273;Bousalem;Jour;;36.6049586;8.9693304;Pharmacie;Lun-Ven 8h-20h, Sam 8h-14h;https://www.google.com/maps/place/?q=place_id:ChIJXWqMWC1o-xIRbxcseGlJ1PM;4,8/5
Pharmacie Mohamed Hanachi;36, Rue Salah Ben Youssef;78 639 103;Bousalem;Jour;;36.6074225;8.9702971;Pharmacie;Lun-Ven 8h-19h,Sam8h_13h;https://www.google.com/maps/place/?q=place_id:ChIJee3-GC1o-xIRKLYXiQ9xwK4;4,3/5
Pharmacie Mehdi oueslati;9,rue de la Poste, 8170 bou salem;78 649 520;Bousalem;Jour;;36.60934;8.97021;Pharmacie;Lun-Ven 8h-19h,Sam8h_13h;https://www.google.com/maps/place/?q=place_id:ChIJx2N2cEdp-xIRGTCPCclOLJM;
Pharmacie Zitouna  - Naoufel Chateur;27 Tabarka Centre, Tabarka 8110;78 670 705;Tabarka;Jour;Oui;36.9556516;8.759337;Pharmacie;Lun-Ven 8h-20h, Sam 8h-13h30;https://www.google.com/maps/place/?q=place_id:ChIJI0b4dQo1-xIRL6fMX-nliME;4,4/5
Pharmacie Khadhraoui Mohamed Bechir;50Avenue Habib Bourguiba, Tabarka 8110;78 673 426;Tabarka;Jour;;36.9551098;8.7568687;Pharmacie;Lun-Dim 8h-20h;https://www.google.com/maps/place/?q=place_id:ChIJZwFkWqM1-xIReCGz7Z-hHVo;5,0/5
Pharmacie Baha Saoudi;12 Avenue de l'Environnement, Route de Aïn Draham;78 670 970;Tabarka;Jour;;36.9493127;8.7598412;Pharmacie;Lun-Dim 8h-20h;https://www.google.com/maps/place/?q=place_id:ChIJw-uBj_A1-xIR6DRpSPfHX4M;4,7/5
Sana Jawa Aouissaoui Pharmacy;Avenue de l'Environnement - GP17;78 671 475;Tabarka;Jour;;36.9513615;8.7596577;Pharmacie;Lun-Sam 8h30-18h30;https://www.google.com/maps/place/?q=place_id:ChIJ0ZCI8Zc0-xIRWCP0y-NX910;4,8/5
Pharmacie Bessassi;25 Rue de la Constitution, Tabarka 8110;98 357 146;Tabarka;Jour;;36.9541317;8.7560929;Pharmacie;Lun-Dim 8h30-19h30;https://www.google.com/maps/place/?q=place_id:ChIJr5nuIWYz-xIRyBLTGa95Z60;4,7/5
Pharmacie Rabia Mechraoui;N 14 Residence Corliss Av 14 Janvier BP n 465, 8110;78 673 900;Tabarka;Jour;;36.9532471;8.7609472;Pharmacie;Lun-Dim 6h-18h;https://www.google.com/maps/place/?q=place_id:ChIJx8mfbr00-xIRvwr1tqs2BzY;4,1/5
Pharmacie khemaies rezgaoui;7,Avenue Mohamed Ali, 8110;78 670 475;Tabarka;Jour;;36.9537325; 8.7580340;Pharmacie ;Lun-Ven 8h-20h, Sam 8h-13h30;https://maps.app.goo.gl/56iS5ZVqTLvJqcVK6;5,0/5
Pharmacie Jaafar Sami;Route Nationale GP7, Cité Morjane, Tabarka 8110;78672202/26791177;Tabarka;Jour;;36.9452956;8.7921884;Pharmacie;Lun-Dim 8h-20h;https://www.google.com/maps/place/?q=place_id:ChIJ6fiwyR01-xIR84EXruKXLYc;4,7/5
Pharmacie Ridha Dhifli;Avenue Khemir, Aïn Draham 8130;78 655 069;Ain Drahem;Jour;;36.777252;8.6878923;Pharmacie;Lun-Ven 8h30-19h30, Sam 8h30-13h30, Dim fermé;https://www.google.com/maps/place/?q=place_id:ChIJVXB1pZk7-xIRZM9nTdvtF-Y;1,0/5
Pharmacie Nadia Marzouki;117 Avenue Habib Bourguiba, Aïn Draham;78 655 376;Ain Drahem;Jour;;36.7799671;8.688383;Pharmacie;Lun-Ven 8h30-19h30, Sam 8h30-13h, Dim fermé;https://www.google.com/maps/place/?q=place_id:ChIJAaeywO46-xIRPG9irqKigTw;
Pharmacie Wady Saihi;Avenue Habib Thameur, AinDraham;78 656 390;Ain Drahem;Nuit;;36.7783573;8.6843846;Pharmacie de garde;Lun_Dim 19h30-8h30;https://www.google.com/maps/place/?q=place_id:ChIJgQfiBeg6-xIRGW8KFeQegkI;3,5/5
Pharmacie Aloui Tarek;17, Avenue de l'Environnement fernana, 8140 ;98 603 978;Fernana;Jour;Oui;36.6559955;8.6975697;Pharmacie;Lun-Sam 7h-19h;https://www.google.com/maps/place/?q=place_id:ChIJswCJbHM9-xIRPfFoQebpZrg;4,3/5
Pharmacie Abdelli Farah;Avenue de la Republique, 8140 ;78 641 553;Fernana;Jour;Oui;36.654693;8.6951309;Pharmacie;Lun-Ven 8h30-13h et 15h-19h30, Sam 8h30-13h, Dim fermé;https://www.google.com/maps/place/?q=place_id:ChIJY1l_WnI9-xIR4u6yva3rC7Q;4,5/5
Pharmacie HAYZEM HADJ SALEM;Rue des Martyrs, en face Hôpital de Fernana, Fernana 8140;78 641 666;Fernana;Nuit;Oui;36.649948;8.695941;Pharmacie de garde;Lun_Dim 19h30-8h30;https://www.google.com/maps/place/?q=place_id:ChIJSzv3AHE9-xIRLyPy9ugycp0;4,1/5
Pharmacie Sgatni Mohsen;Route Souk Ahras, 8160 ;78 660 910;Ghardimaou;Jour;;36.4513558;8.4411339;Pharmacie;Lun-Ven 8h-13h et 16h-20h, Sam 8h-13h;https://www.google.com/maps/place/?q=place_id:ChIJ8ysKNR39-hIRG9uvH1usaP8;4,6/5
Pharmacie  Laaroussi Inkicheri;69,Avenue Habib Bourguiba;78 660 080;Ghardimaou;Jour;;36.4485994;8.441714;Pharmacie;Lun-Sam 8h-20h;https://www.google.com/maps/place/?q=place_id:ChIJ_2RN8wL9-hIR4XOGQBG52OQ;4,4/5
Pharmacie Jalel Krifa;avenue Habib Bourguiba;78 645 383;Ghardimaou;Jour;;36.4458948;8.4367111;Pharmacie;Lun-Sam 8h-13h et 15h-19h, Dim fermé;https://www.google.com/maps/place/?q=place_id:ChIJ70NlJ_z8-hIRwaDz3cGT4SE;3,6/5
pharmacie de Nuit Rabie Abassi;2, Rue de la Poste, 8160 ghardimaou;78 664 161;Ghardimaou;Nuit;;36.4467846;8.4370168;Pharmacie de garde;Lun_Dim19h30-8h30;https://www.google.com/maps/place/?q=place_id:ChIJTd9WJfz8-hIRKkJDXCZhAOI;4,6/5
Pharmacie El Khazri Ahmed;Rue El Habib, Wadi Maliz;78690036;Oued Mliz;Jour;;36.4675821;8.5535197;Pharmacie;Lun-Dim 8h-20h (variable);https://www.google.com/maps/place/?q=place_id:ChIJtUQwBUkD-xIRdbLFMv1dUuo;4,8/5
Pharmacie de nuit Fares Kemicha; Rue DE L'ENVIRONNEMENT;78 690 168;Oued Mliz;Nuit;;36.4666057;8.55038;Pharmacie de garde;Lun-Sam 19h-7h, Dim 19h-00h;https://www.google.com/maps/place/?q=place_id:ChIJ90LRJ0gD-xIReyyu4Z35rRQ;4,5/0
Pharmacie SANA CHAOUACHI EP. RACHID;hammam bourguiba, 8136 ain draham;76654444;Ain Drahem;Jour;;36.773645;8.684815;Pharmacie ;Lun-Ven8h-18h, Sam  8h-13h;https://maps.app.goo.gl/yCEkCoiCpzC5qBtw6;
Pharmacie HAJER HAMDI;Avenue de l'Environnement;78641601;Fernana;Jour;Oui;36.6541063;8.696837;Pharmacie proposant de l'homéopathie;Lun-Ven8h-20h, Sam  8h-13:30h;https://maps.app.goo.gl/1ASrxkzPFEDhmE3V7;4,0/5
Pharmacie  Lobna Guedouar;57, Avenue 14 Janvier, 8110;98885760;Tabarka;Nuit;;36.9535067;8.760473;Pharmacie de garde;Lun_Dim 19h30-8h30;https://maps.app.goo.gl/7j14kTzU8KdjoT3u7;3,6/5
Pharmacie  Mahdouani Mahdi;Rue el Ons;78604669;Jendouba Nord;Jour;;36.5054564;8.7652291;Pharmacie ;Lun-Ven8h-18h, Sam  8h-13h;https://maps.app.goo.gl/SPGGvVXUKEexqHpW6;4,2/5
Pharmacie de nuit;en face de FSJEG;;Jendouba Nord;Nuit;;36.5077303; 8.7631222;Pharmacie de garde;Lun-Dim19h-8h;https://maps.app.goo.gl/WM2XUmkzH8ajWxHN7;
Pharmacie  HAGER BAROUNI;56, Avenue du 20 Mars;98934059;Bousalem;Nuit;;36.6080553; 8.9712015;Pharmacie de garde;Lun-Dim20h-8h;https://maps.app.goo.gl/cnbaAjbfDfw8W5ncA;
Pharmacie WALID ZRIBI;56, Avenue du 20 Mars;78637220;Bousalem;Nuit;;36.6080554; 8.9712016;Pharmacie de garde;Lun-Dim20h-8h;https://maps.app.goo.gl/cnbaAjbfDfw8W5ncA;
Pharmacie Ouertani Dalel;GP7, Ras Errajel Ain Essobh;78680777;Tabarka;Jour;;36.9522557;8.8750722;Pharmacie ;Lun-Sam8h-19:30h;https://maps.app.goo.gl/pJR5SVde9wa591oT7;4,4/5
Pharmacie Abdelfettah Hasni;Rue des jardins 8170 ;78638538;Bousalem;Jour;;36.6110581 ;8.9720152;Pharmacie ;Lun-Sam8h-19:30h;https://maps.app.goo.gl/So8ZcvN9Mrcfox3E8;
Pharmacie Henda   Dkhili  ;Route Ain Draham Avenue du Magreb Arabe;78611907;Jendouba  Nord;Jour;;36.5108304; 8.7616825;Pharmacie ;Lun-Sam8h-19:30h;https://maps.app.goo.gl/Dgsdz7mtKb6iXA4c8;
COGEPHA NORD; Route  de Tunis Km 1 ,Chorfa;78611417;Jendouba Sud;Jour;;36.5088566;9242487, 8.797346781786148;Grossiste;;https://maps.app.goo.gl/Kq6ZMQh55xbGMjB26;
